{"cameraMode":{"drawMode":0,"name":"Shaded","section":"Shading Mode"},"sceneLighting":false,"audioPlay":false,"sceneViewState":{"showFog":true,"showMaterialUpdate":true,"showSkybox":true,"showFlares":true,"showImageEffects":true,"showParticleSystems":true},"in2DMode":false,"pivot":{"x":-4.042911052703857,"y":-8.388206481933594,"z":146.1759033203125},"rotation":{"x":-0.09165679663419724,"y":0.0229983888566494,"z":-0.002117261290550232,"w":-0.9955283403396606},"size":143.85897827148438,"orthographic":false}